platform,title,review,rating,date,source
Spinny,,Good experience so far a month into buying a second hand car at Spinny. Had initially visited their location for trying out a Polo but ended up trying couple of other cars and found a good Skoda Rapid... See more,,2026-06-23T14:24:19.000Z,Trustpilot
Spinny,,"The transaction was smooth. Right from inspection, reports, follow up and vehicle pickup the process was very good.

One thing to improve is the negotiation process. They initially offered far less... See more",,2026-06-25T12:16:44.000Z,Trustpilot
Spinny,,"Abhishek tried his level best for my problem resolution. He also put in extra efforts to get my window switched repaired free of cost.

However I'm not at all satisfied with the workshop team. It se... See more",,2026-04-21T04:40:19.000Z,Trustpilot
Spinny,,"The customer service provided by Monika from Spinny team was good, as she helped us in resolving the issues due to some faults happened by Spinny when they sold us the car. Though the solution was no... See more",,2026-04-28T10:48:04.000Z,Trustpilot
Spinny,Very disappointing experience,"Very disappointing experience with Spinny. Buying the car was smooth because the sales team was very supportive, but the real struggle started after delivery. Every time I contact customer support, I get the same response: “A ticket has been raised. Please wait.” Nothing gets resolved unless I keep chasing them for days. Their after-sales service is extremely poor, with no accountability or timely updates. I expected much better from a company like Spinny. I would not recommend buying a car from them if you expect reliable customer support after the purchase.",,2026-07-17T15:31:45.000Z,Trustpilot
Spinny,"Dear Monika,","Thank you, Spinny, for listening to my concern and working towards a satisfactory resolution. The support stayed responsive and connected until everything was fully sorted out. Really appreciate the effort shown throughout. Special, thanks Dear Monika Pundhir, Thank you so much for your guidance, patience, and continuous support throughout the entire process. I truly appreciate the way you responded to all my queries, kept following up on my case, and ensured that my reimbursement was processed as quickly as possible. Your professionalism, dedication, and genuine willingness to help made a huge difference, and I am sincerely grateful for everything you have done. I feel truly blessed and fortunate to have connected with you. People like you are the reason customers trust Spinny and have such a positive experience. Thank you once again for your kindness, support, and excellent service. I wish you all the very best for your future. May you continue to achieve great success and always keep spreading positivity through your work. Take care, and God bless you.",,2026-07-15T11:41:07.000Z,Trustpilot
Spinny,Big let down on transparency and trust,"Went to see few used cars at Spinny Gaur City mall Ghaziabad 2 days back.  I was astonished to see that car report given on spinny app for customers does not match with reports at spinny staff tablet that they use. Came across 3 such car reports - Slavia, Taigun and Verna. In all 3 reports...external damages and repair to the cars were far less reported on customer app where as in spinny staff tablet such incidents were much higher....Similar gaps of problem reporting were seen on mechanical items also such as brake system etc.... This clearly shows that not everything is transparent  and every walk-in customer should keep his ears and eyes open and not to trust spinny blind folded just because they have Sachin Tendulkar as their brand ambassador. Total eye wash.",,2026-07-14T19:31:53.000Z,Trustpilot
Spinny,I have purchased a car on 26 Apr 2026…,"I have purchased a car on 26 Apr 2026 and now my car is broke down, since two days they are just calling but not providing the solution and not sending the engineer to check my car issue...my car is not working it is having multiple issues and they are not taking this seriously. I want to connect witn the senior management, these guys are wasting my time. From last two days i am not going to office as they told that they are sending engineer but nobody come till now...i want immediate attention to this matter.",,2026-07-14T11:13:59.000Z,Trustpilot
Spinny,This company run by bunch of unprofessionals,"This company run by bunch of unprofessional people . Stay away from these people who are rude , unprofessional and they just work under some kind of pressure which lead them to commit the promises what they cant fulfill. The chain of command is also not reliable one as every employee is blaming another for the delay. Bottom line Stay Away from these organized unqualified people who are selling the cars",1,2026-07-13T14:22:16.000Z,Trustpilot
Spinny,I had a very disappointing experience…,"I had a very disappointing experience with Spinny. I listed my car on OLX for ₹2 lakh. After that, I received a call from Spinny saying the final price could vary by around ₹20,000–30,000, which was completely reasonable. Their mechanic inspected my car for almost 40–50 minutes and even gave it good ratings. But when it came to the final offer, the sales representative completely changed his attitude. Instead of explaining the valuation professionally, he started insulting my car on the call, saying it was ""finished"" and had no value at all. When I politely refused their offer, he started laughing sarcastically at me. That level of unprofessional behavior is completely unacceptable. I know the value of my car. If Spinny cannot offer the price I'm expecting, that's absolutely fine. But the least they can do is treat customers with basic respect instead of trying to demotivate them into accepting a lowball offer. Strongly not recommended. If you're planning to get your car valued by Spinny, be prepared for psychological tactics and disrespectful sales behavior aimed at making you feel your car is worth far less than it actually is.",,2026-07-13T14:02:29.000Z,Trustpilot
Spinny,Spinny Used Car Experience: 8–10 Days in Workshop in First 26 Days,"I purchased a 2021 Hyundai Verna from Spinny on 17 June 2026. In just 26 days, the car spent 8–10 days in the workshop due to multiple electrical/body-control issues. Problems faced: Battery/starting failure – car would not start and needed roadside assistance with a jump start within 6 days of delivery. Boot/trunk release failure – external button stopped working; trunk could only be opened via the cabin release lever. Trunk latch sensor fault – “trunk open” warning appeared on the instrument cluster even when the boot was closed. Driver door lock switch failure – central locking button becomes non–functional. ORVM fold/unfold switch failure – power-folding mirrors stopped operating. Unsettled Challans Previous fastag was not deactivated What is most concerning is that these issues appeared immediately after the 5-day money-back period expired. A short return window means little if underlying electrical faults surface during normal usage. I request Spinny senior management to review this case seriously. I am spending more time coordinating repairs than driving the car. Prospective buyers should insist on a thorough pre-purchase inspection, verify electrical system health, and carefully assess after-sales support before buying a used car and can also consider others line Cars24, First  Choice etc.",,2026-07-13T10:34:15.000Z,Trustpilot
Spinny,I have sold my vehicle to spinny on…,I have sold my vehicle to spinny on june 2025 and till date I am suffering to get my Registration Certificate to be transferred from my name to the person to whom my vehicle has been sold. I have called them multiple times but did not receive any positive response from them. Forget about the response they don’t even care to call back. Once your car has been sold to them you will not be having any contact details of the person to whom you speak directly if you have any query regarding your sold vehicle. They just have a customer care number which never direct you towards the customer care executive. Guys please never deal with spinny. I am suffering a lot because of Spinny.,1,2026-07-12T12:03:25.000Z,Trustpilot
Spinny,Spinny Failed to Deliver,"Hi Varun, we're sorry to hear about your experience and understand your disappointment with the delay. As discussed, the required NOC process has already been initiated, and the remaining formalities are being closely tracked from our end. Please be assured that our Seller Protection Policy remains in place to support you throughout the post-sale process, and we'll continue to keep you updated until the RC transfer is completed. Squad Spinny",1,2026-07-09T03:43:21.000Z,Trustpilot
Spinny,"Dear Spinny Customer Support,","Dear Spinny Customer Support, I am extremely disappointed with the way my complaint regarding my Wagon R has been handled. It has now been more than **24 hours**, and I have still not received any proper update. I received only **two calls yesterday**, and today I have not received a single call or any status update. This level of communication is completely unacceptable. My concerns are as follows: 1. If Spinny claims to thoroughly inspect every car before selling it, then why are customers facing such serious issues immediately after delivery? It feels like the car was only cleaned and polished from the outside while important technical checks were ignored. 2. Once the customer has made the full payment, it appears that Spinny no longer takes responsibility. The customer is left to suffer with repeated follow-ups and inconvenience. 3. Even after delivery, the support and communication from Spinny has been extremely poor. I have had to continuously chase your team for updates instead of receiving proactive support. 4. More than 24 hours have passed, yet there has been no meaningful progress or update on my complaint. This delay is highly disappointing. 5. I urgently needed to travel using my car, but because of Spinny's delay and lack of responsibility, my plans have been severely affected. I never expected such irresponsible service from a company that promotes itself as a trusted used-car platform. 6. I have also tried reaching senior members of Spinny, but unfortunately there has been no effective response. This gives the impression that senior management is available only for marketing and branding, while genuine customer issues are not being handled with the seriousness they deserve. I request an immediate update, a clear resolution timeline, and prompt action to resolve my vehicle issues. If this matter continues to be ignored, I will be compelled to escalate it to the appropriate consumer grievance authorities and other relevant platforms. I expect your immediate response. Regards, Vinod Sharma",,2026-07-04T10:48:54.000Z,Trustpilot
Spinny,I am extremely disappointed with the…,"I am extremely disappointed with the after-sales service provided by your team. I recently purchased a Tata Tigor (Registration No. DLCAV9381) from your company. Unfortunately, within just a few days of the purchase, the car's battery stopped working, leaving the vehicle unable to start. I immediately contacted your Relationship Manager, Mr. Gupta (9873920509). He asked me to share the vehicle details, which I did promptly. However, despite providing all the required information, no action has been taken. After that, I also raised an online service request and even visited your office to meet the Office Manager personally. It has now been more than two days, and there has still been no progress or resolution. No mechanic has been assigned, and no one has contacted me with an update. This level of after-sales support is completely unacceptable. I purchased the car with the expectation of reliable service, but my experience has been extremely disappointing. Your sales team was very responsive before the purchase, but after the sale, there has been no support at all.",,2026-07-03T12:52:27.000Z,Trustpilot
Spinny,they are not taking seriously to,they are not taking seriously to customer they are not providing good service last time in my car the AC problem the car AC problem was solved now after 3 days start again another one problem the car cool and problem automatically will be heat I am stuck with my family on highway can you please provide battle service that kind of service you have provide to customer please otherwise I complaining consumer court now please provide service better😢😢😢😢😢😢😢😢,,2026-07-03T10:13:28.000Z,Trustpilot
Spinny,Biggest fraud company ever I have seen,"Hi Ravi, we're really sorry that your refund is still pending and understand how disappointing this must be. We'd like to check what's causing the delay. Please share your registered contact details with us through the Google Form https://bit.ly/3kWbuVP, and we'll look into it and get back to you. Squad Spinny",,2026-07-02T14:22:09.000Z,Trustpilot
Spinny,I purchased a car from Spinny on April…,"I purchased a car from Spinny on April 3rd, and it’s been the worst experience imaginable. Before even hitting 1,000 kilometers, the car broke down for 15 days. I received 100 calls from Spinny, yet not a single one helped. I had to tow it myself, waited hours in the garage, only to be told to go to the Hyundai showroom. At the showroom, I found the last service was in 2017, at 22,000 km, but Spinny sold it at 74,000 km. They lied. Now I have ₹11,000 in repair bills, and they’re offering only ₹8,500, with no reimbursement after 10 days. They claim to be verified sellers, but they push cars on you and leave you with the problems. Spinny just wants your money—they cannot be trusted.",,2026-07-02T09:22:49.000Z,Trustpilot
Spinny,Fake sales and after sales,"Fake sales and after sales Initial push to purchase car with proven issues and confirmation of issues with hub managers during test ride. The first commitment everything will be solved post sales. Purchased on 12 june. Back to repair shop 15 june. From here the false commitment to repair the car starts list of commitment dates 20june, 22june, 30june, 2july. And keeps on going no update on car and what is being serviced only one simple response of waiting for parts and parts not available. Even after 20days no confirmation vehicle still at spinny workshop",,2026-07-01T14:23:54.000Z,Trustpilot
Spinny,I purchased a used Maruti Baleno from…,"I purchased a used Maruti Baleno from Spinny on 23 June. On the same day, they activated a new FASTag for my vehicle. Since I live near the Bijwasan Toll Plaza, I spend around ₹450 every day on tolls, so I immediately applied for the annual toll pass. To my surprise, my application was rejected because multiple FASTags were active for the same vehicle number. I reported this to Spinny customer support right away and requested them to get the previous owner's FASTag closed. As per the previous FASTag issuer, it only takes 2 working days if the previous owner initiates the closure request. I also requested Spinny to connect me with the previous owner so the issue could be resolved quickly, but they refused. Instead of helping, I was simply told to wait 15 days. During this time, I have been forced to pay full toll charges every day, resulting in unnecessary financial loss. What is even more frustrating is that I later learned that under the NHAI One Vehicle One FASTag policy, issuing a new FASTag without properly closing the old one can lead to the previous tag being blacklisted/deactivated automatically. Despite this, Spinny has not taken any proactive steps to resolve the issue and continues to ask me to wait, even though the actual closure process takes only a few minutes for the previous owner to initiate. I expected much better after-sales support from a company that promotes a hassle-free car buying experience. Unfortunately, once the sale was completed, resolving a genuine customer issue became extremely difficult. Very disappointed with the customer service and after-sales support. I hope Spinny takes ownership of this issue and resolves it instead of making customers suffer for something that should have been handled before delivering the car.",1,2026-06-30T11:10:10.000Z,Trustpilot
Spinny,⭐☆☆☆☆,"⭐☆☆☆☆ Very bad experience with Spinny. This is one of the worst used car sellers I have dealt with. They claim to inspect their cars thoroughly, but in my experience they did not properly check the vehicle's condition or verify its service history before selling it. Within just 20 days of purchasing the car, the engine overheated and the vehicle broke down due to a major engine problem. When I had the car inspected by a local mechanic, I was told there were multiple issues that should have been identified before the sale. Based on my experience, I feel I was misled about the condition of the vehicle. When I contacted Spinny customer support, they refused to acknowledge the problems or provide a satisfactory resolution. The support team was unhelpful, and Mr. Shilten's behavior was unprofessional and rude. The sales staff were friendly only until the sale was completed. After that, they showed no interest in resolving my concerns. I even tried escalating the matter to the CEO. Only after that did the company ask for my details, but by then I had already lost confidence in their customer service. I would not recommend Spinny to anyone looking for a reliable used car. Please get the vehicle inspected by an independent mechanic and verify the complete service history before making a purchase.",,2026-06-29T18:40:38.000Z,Trustpilot
Spinny,The car inspection was good and less…,"Hi Kamran, thank you for sharing your experience! We're glad the inspection was quick and smooth, and that the payment was completed on time. It was a pleasure assisting you, and we truly appreciate your trust. #SquadSpinny",,2026-06-29T11:55:23.000Z,Trustpilot
Spinny,Already I have contacted your team they…,"Hi Sridhar, Thank you for taking the time to share your experience. We understand your concerns and appreciate the opportunity to review the matter. We have carefully reviewed your case and would like to reassure you that the concerns raised were thoroughly assessed in line with the applicable process. While the reported concern was beyond the applicable warranty coverage, we had also extended support from our end in an effort to assist. However, after a detailed review, we are unable to take the request forward beyond the resolution already offered. We appreciate your feedback, as it helps us continually improve our customer experience. #squadspinny",,2026-06-29T10:21:54.000Z,Trustpilot
Spinny,Yeah there post sales service was good.,"Hi Suraj, we appreciate your feedback and are happy to see your satisfaction with our services. If you need any further assistance, feel free to reach out anytime. We’re always here to help. #SquadSpinny",,2026-06-29T05:12:56.000Z,Trustpilot
Spinny,A Job well done,"Hi, thank you for your wonderful feedback! We're delighted to know you had a transparent and seamless experience with us. Thank you for being a part of #SquadSpinny! 🚗✨",,2026-06-26T16:21:43.000Z,Trustpilot
Spinny,Thanks to spinny support team specially…,"Hi Prashant, thank you for your kind words and for recognizing Nishank's support. We understand that the RC transfer is still pending and truly appreciate your patience throughout the process. We're committed to supporting you and will continue our efforts to help resolve the matter. Thank you for being a valued part of #SquadSpinny.",,2026-06-26T15:28:01.000Z,Trustpilot
Spinny,"Refund Management, frontend vs backend team.","Hi Jatin, thank you for sharing your experience. We’re glad we could resolve your concern and process your refund successfully. We also appreciate your feedback regarding your initial experience, as it helps us identify areas where we can do better. Thank you for your patience and for giving us the opportunity to make things right. #SquadSpinny",,2026-06-26T12:13:08.000Z,Trustpilot
Spinny,I purchased the car from Spinny but…,I purchased the car from Spinny but unfortunately before the RC transfer and insurance transfer the car met with an accident. Unfortunately the insurance company cannot afford the expenses for the repair. But Spinny supported me by sharing majority of my expenses to rebuilt my car. They provide me a timely support in everything. Thankyou Spinny,,2026-06-26T08:57:13.000Z,Trustpilot
Spinny,The experience of listing my car,"Hi Balaji, thank you for sharing your experience! We're delighted to know that the listing, inspection, and offer process was smooth for you. Wishing you all the very best, and thank you for choosing Spinny! 💙 #SquadSpinny",,2026-06-25T14:58:05.000Z,Trustpilot
Spinny,Overall very satisfying experience,"Hi! Thank you for your wonderful feedback! We're delighted to know you had a satisfying experience and received a great deal. Thank you for choosing Spinny, and we wish you many happy miles ahead! 💙 #SquadSpinny",5,2026-06-25T14:04:20.000Z,Trustpilot
Spinny,The transaction was smooth,"The transaction was smooth. Right from inspection, reports, follow up and vehicle pickup the process was very good. One thing to improve is the negotiation process. They initially offered far less price and every other day increased few thousands. It took far longer for them to give fair offer where we could proceed further.",,2026-06-25T12:16:44.000Z,Trustpilot
Spinny,Professional and Best Price,"I compared all the available websites, car showrooms and exchange prices across all brands. Not one company could match Spinny. They had the most professional approach (it was time taking process but worth it) ensured the cash on my account before taking the car and made the remaining payment after sales. I don't have words to thank them.",5,2026-06-26T00:56:35.000Z,Trustpilot
Spinny,The good bidding platform providing…,"The good bidding platform providing good value to seller. After accepting bidding, the selling was speedy enough and amount settled as per steps defined by spinny. RC transfer also is taken care by spinny. So No Hassles selling process experienced by many sellers like me. - Vaibhav",,2026-06-25T12:10:21.000Z,Trustpilot
Spinny,Spinny has taken care of everything and…,"Hi Chaitra, thank you for your feedback. We're glad to know you had a good experience and that we could assist you throughout the process. #SquadSpinny",,2026-06-25T10:22:07.000Z,Trustpilot
Spinny,Very good deel & responsibal team,"Hi, thank you for your feedback. We're glad you had a great experience with us. #SquadSpinny",,2026-06-25T10:14:47.000Z,Trustpilot
Spinny,They are cheaters and paid me 20k less…,"They are cheaters and paid me 20k less then promised value. They were fully aware during the sale transaction that my registration card was lost and I am soon travling abroad for work. But sales person, promised thay they have capable support team who will take care of these cases and asked me sign extra paperwork to reissue the rc card. However during transaction they hold on 20k saying that it will be released immediately after new registration card gets issued. No one contacted for 3-4 months NOR any RC card is received by my in-laws in India. Soon, They stopped responding to my queries over it. And then closed transaction saying that 20k will not be issued since registration card was not reissued since it need my presence (so called PESHI), when they were fully aware during sale transaction that I am not in India and traveling. So it was not my fault where they thought there team can take care of new card issue. Will never ever go back to them again.",1,2026-06-29T10:39:50.000Z,Trustpilot
Spinny,The process was completed very quickly.,"Hi Sreekanth, thank you for your feedback. We're glad to know the process was completed quickly and smoothly. #SquadSpinny",,2026-06-24T19:56:18.000Z,Trustpilot
Spinny,Right from the time I told I want to…,"Right from the time I told I want to sell my car Spinny has been very proactive , professional and prompt.  Their evaluator was very thorough and knew what and how to check . As soon as the report was submitted they gave me a quote which I did not accept and they did honour my price. It was cleared within 45 mins and all papers were signed and taken.   Got an information that the RC has been transferred Keep up the good work",4,2026-06-24T18:56:11.000Z,Trustpilot
Spinny,Very good but there is a concern…,"Hi Nayan, thank you for your feedback. We're glad you had a good experience. We regret the delay regarding the NCB certificate. Please share your contact details and car registration number via Google Form https://bit.ly/3kWbuVP, and we'll connect with you shortly. Squad Spinny",,2026-06-24T18:10:03.000Z,Trustpilot
Spinny,SALE EXPERIENCE,"Hi, thank you for sharing your feedback. We’re glad to know the inspection and payment experience met your expectations, however, we’re sorry to hear about the delay and communication concerns regarding the ownership transfer process. Kindly share your contact details and car registration number with us via the Google Form https://bit.ly/3kWbuVP so we can review the matter and assist you further. Squad Spinny",,2026-06-25T02:20:44.000Z,Trustpilot
Spinny,Very handy and hassle free selling of…,"Hi Janardhan, thank you for your feedback. We're delighted to know that you found the car-selling process hassle-free and convenient. Glad our doorstep service and pricing met your expectations. #SquadSpinny",,2026-06-24T14:44:05.000Z,Trustpilot
Spinny,Excellent service,"Hi Mahesh, thank you for your feedback. We're glad you had a smooth experience and received timely payment. #SquadSpinny",,2026-06-24T13:34:14.000Z,Trustpilot
Spinny,Excellent service and support.,"Hi Ashish, thank you for your kind words. We're glad to know you had an excellent experience with our service and support. #SquadSpinny",,2026-06-24T13:16:51.000Z,Trustpilot
Spinny,Good experience so far a month into…,"Hi Shravan, thank you for sharing your experience. We're glad to know that you found the right car and that the support during the purchase, documentation, and RC transfer process met your expectations. We truly appreciate your trust and your thoughtful feedback. We look forward to continuing this journey with you and making your experience even better in the long run. Happy driving! #SquadSpinny 🚗✨",,2026-06-23T14:24:19.000Z,Trustpilot
Spinny,The Overall purchase experience was…,"The Overall purchase experience was good . The best part was Spinny hub was close to my place and this hub itself had plenty options of used cars. The car we purchased fitted our budget very well , it is working very well and I am happy with my decision and I would like to recommend spinny to others to too , who are looking for used cars in their budget.",,2026-06-23T09:20:10.000Z,Trustpilot
Spinny,Very bad spiny,"Hi Chandrashekar, we are here for your support. If you have faced any issues or difficulties with Spinny, please share details with us along with your contact information  by filling in the given Google form: https://bit.ly/3kWbuVP so we can improve your experience. Squad Spinny",,2026-06-22T13:52:26.000Z,Trustpilot
Spinny,First time I have bought a car online,First time I have bought a car online - and extremely easy process. I had gotten adequate information at each stage - and it was easy to be comfortable with their guarantees and buyback arrangements in place. Definitely going to be doing this again.,5,2026-06-22T12:53:44.000Z,Trustpilot
Spinny,Thank you so much Spinny (Nitin ji ),"Hi Saurabh, thank you for your kind words! It’s wonderful to hear that Nitin was able to support you throughout your journey and make the process seamless. We'll be delighted to share your appreciation with him. Thank you for placing your trust in Spinny. We’re always happy to help. #SquadSpinny",5,2026-06-22T10:17:46.000Z,Trustpilot
Spinny,Service hassle free,Today I received RC from spinny. Seems they have done good research on hassles encountered by the Buyers. And good mechanism to address those. Wish you all success spinny.,,2026-06-21T13:26:40.000Z,Trustpilot
Spinny,Good sale experience,Good sale experience I sold my Innova through Spinny and it was a very smooth experience. I have sold cars in the past by other means and this was my first time using Spinny. The process is easy to follow and the deal was closed in quick time. The payments were as promised and the withheld amount was also paid on the subsequent sale of my car in a reasonable time. Overall I am happy with the excellent service and I will recommend Spinny to others as well.,,2026-06-21T07:58:54.000Z,Trustpilot
Spinny,OTP shared but Spinny hasn’t released by 2k yet,"Hi John,  this is not the experience we wanted you to have with us and we are here for your support. Please share your contact details with us by filling in the given Google form: https://bit.ly/3kWbuVP so that we can reach out to you to help you regarding your issue. Squad Spinny",1,2026-06-20T14:08:51.000Z,Trustpilot
Spinny,Issue resolved by the SM agent,"Hi Irfan, thank you for your feedback! We're glad to know your concern was resolved and that you found our follow-ups prompt and helpful. We truly appreciate your support. #SquadSpinny",,2026-06-20T11:45:30.000Z,Trustpilot
Spinny,Good experience,"Hi Vivek, thank you for your feedback! We're glad to know you had a positive experience with our team and found value in your purchase. We also appreciate your suggestion regarding responsiveness for pre-handover fixes and will continue working to enhance the experience for our customers. #SquadSpinny",4,2026-06-19T19:34:55.000Z,Trustpilot
Spinny,While handover,"While handover, cleaning was not done properly. Under the carpet tons of dog hair. Rear left tyre was keep leakey. It was not addressed while selling or delivering. Number plate was broken condition. Sales team offered that will send the plates to home itself. You know what? Nothing happened till now. Price also bloated compare to the equivalent model in market. Just the ready to pickup and varieties in view ended up with spinny.",3,2026-06-19T14:18:05.000Z,Trustpilot
Spinny,Very bad battery condition.,"Hi Lalitha, thank you for sharing your feedback. As discussed, the battery related issue, based on a detailed review, the issue highlighted falls outside the purview of the warranty conditions. Hence, we’re unable to cover the repair under warranty. Thanks! We appreciate your understanding and are here to assist with any further queries. Squad Spinny",,2026-06-19T13:22:57.000Z,Trustpilot
Spinny,Overall experience was great except warranty and insurance which should be explained more properly,"Hi Sajal, thank you for sharing your experience! We're glad to know that your overall journey was great and that our team was understanding throughout. We also appreciate your feedback regarding warranty and insurance communication. We'll work towards making these details clearer and more transparent for our customers. Thank you for choosing Spinny! #SquadSpinny",,2026-06-19T12:47:13.000Z,Trustpilot
Spinny,It has been 248 days since I sold my…,"Hi Monu, we’re sorry for the inconvenience caused and understand your concern regarding the delayed ownership transfer and the associated challans. Please share your contact details and car registration number with us via the Google Form https://bit.ly/3kWbuVP so we can review the matter further and assist you accordingly. Please be assured that the Seller Protection Policy remains in place to support you throughout the post-sale process. Squad Spinny",,2026-06-19T08:54:51.000Z,Trustpilot
Spinny,"Stereo system is faulty, Engine Sound","Stereo system is faulty, at the time of demonstration, Spinny said, it is running problem but Bluetooth is also not working. Radio is horrible There is too much sound in Engine Suspension is not good, not able to clear small hump without touch while sitting four person including driver It is frustrating experience what I assumed as brand endorsed by Sachin",2,2026-06-18T15:28:08.000Z,Trustpilot
Spinny,It's not a good experience but better than other places,"Hi Amit, thank you for sharing your feedback and for choosing us for your first car purchase. We regret that certain aspects of your experience did not meet expectations, and we appreciate you highlighting them. Please share your contact details and car registration number with us via the Google Form https://bit.ly/3kWbuVP so we can review the matter further and assist you accordingly. #SquadSpinny",2,2026-06-18T15:22:48.000Z,Trustpilot
Spinny,It was good service..I got my…,"Hi Sunil, we are glad to have been able to help you. Thank you for the mention. #SquadSpinny",,2026-06-18T15:03:24.000Z,Trustpilot
Spinny,I saw the paint of the car is look like…,I saw the paint of the car is look like white shades in joints and edges . Apart  all the interior and engine is in good condition. Final part Spinny quoting bit higher price.,,2026-06-18T13:06:59.000Z,Trustpilot
Spinny,Nice experience from very beginning…,"Hi Amol, thank you for your feedback! We're delighted to know that your journey from searching for a car to purchasing one was smooth and hassle-free. Enjoy your car! #SquadSpinny",,2026-06-18T12:58:26.000Z,Trustpilot
Spinny,Very Bad experience with Spinny they…,"Hi Akhtar, we’re sorry to hear about your experience and understand your concern regarding the support and warranty-related services. Please share your contact details and car registration number with us via the Google Form https://bit.ly/3kWbuVP so we can review the matter further and assist you accordingly. Squad Spinny",,2026-06-18T12:50:27.000Z,Trustpilot
Spinny,Spinny team has resolved my issue in a…,"Hi Siddhartha, thank you for your feedback! We're glad our team could resolve your issue quickly. We appreciate your trust in Spinny. #SquadSpinny",,2026-06-18T07:54:11.000Z,Trustpilot
Spinny,Good experience with Spinny,"Hi Sarfaraz, thank you for your valuable feedback! We're glad to hear that you found the app easy to use and that our team could support you throughout your car-buying journey. It's great to know the handover and paperwork process was smooth. We appreciate your thoughts on pricing and are happy to have your perspective as we continue striving to deliver the best value and experience. Enjoy your new car and happy driving! 🚗 #SquadSpinny",,2026-06-17T14:06:50.000Z,Trustpilot
Spinny,Great experience buying from Spinny,"I recently bought a Maruti Suzuki Dezire from Spinny and it was a fantastic experience. I visited their Hinjewadi Park in Pune and staff promptly attended to me, asked me about my requirements and budget. Based on that they provided test drives and post the selection of right car, the paper work was hassle free. The car was handed to me within a couple of hours after all the checks and cleaning. I entered and exited the spinny park with my new car in a matter of 3-4 hours! Post buying, the car has been working in good condition and I don't have any complaints yet. Overall I will highly recommend Spinny for buying and selling second hand cars.",,2026-06-17T13:19:53.000Z,Trustpilot
Spinny,Thank you Nishank and spinny team for…,"Hi Yash, we’re glad to know your issue has been resolved. Thank you for the confirmation! 🙌 Your kind words truly mean a lot to Nishank and us. We’ll be sure to pass on the appreciation. Thank you for making our day!",5,2026-06-17T12:55:58.000Z,Trustpilot
Spinny,Already repaired some part,"Hi Prashant, we understand your frustration with the issues you've faced and are eager to resolve it for you. Please share your contact details with us by filling in the given Google form: https://bit.ly/3kWbuVP so we can improve your experience. Squad Spinny",,2026-06-17T12:47:26.000Z,Trustpilot
Spinny,Prompt service,"Hi Shahbaz, We're delighted to know that we were able to provide you with a positive experience. Thank you for taking the time to share your feedback. We truly appreciate your support and look forward to serving you again in the future. #SquadSpinny🚗✨",,2026-06-17T08:04:25.000Z,Trustpilot
Spinny,Kudos to Nithin,"Hi Krishnan, Thank you for your wonderful feedback. We're delighted to hear that Nitin's support and dedication helped make your ownership transfer journey smoother. We'll be sure to pass along your appreciation to him. Thank you for placing your trust in Spinny, and we wish you many happy drives ahead. #SquadSpinny🚗✨",,2026-06-16T15:00:40.000Z,Trustpilot
Spinny,"Disappointed! Bad team & support, Spinny gurgaon","Hi  Anubhav! Thank you for staying with us. As discussed, we have reviewed the matter and confirmed that there is no pending hold amount against the original RC as per the agreed terms. We appreciate your patience and understanding. Should you need any assistance in the future, please feel free to reach out to us. Squad Spinny",1,2026-06-15T04:39:44.000Z,Trustpilot
Spinny,Great Service from Expert People,"I had a mixed feelings from the day i bought this car. Had a lot issue. Sincerely I was very much dissatisfied first due to service and promised I was made.Eventually Nishank was the person who continuously was in contact with me to fix all the issue which I had. I must say he has patience to listen and keep calm even when the customer is very irrated. The way he handles to resolve the issue was fantastic. I would rate him 5/5 for the effort which he gave it to me. Yes everything is not in his hand, it is the company which makes decisions and makes things delayed. He was able to explain me every minute details. I am happy that Nishank is with Spinny giving his best to make customer delight. On the other hand i would also like to appreciate Ovesh for his effort to resolve the query on time. He always gave me an assurance and never have me false hope. He has great knowledge and was able to give me the correct decision with his expert opinion. I was also happy when Mr Sushil stepped in to resolve one of my issue which indeed was done by someone else. His visit to my place was his kind gesture in this tremendous hot weather but I had no choice as I had other commitments as well. As a while I really feel that these 3 peple deserves special Award for their effort, knowledge and the expert level to handle the most difficult situations. Hats off to every one. I would really feel great if Spinny gives them a great achievement award. Thank you everyone for all your services and the efforts that you have made it to me. I am also touched when they said me if any issue comes further they can connect at any point of time. Thank You You all deserve a huge respect.",,2026-06-14T19:29:23.000Z,Trustpilot
Spinny,Issues resolved and thanks to you …,"Hi Niraj, we're glad to know that your issue has been resolved. Thank you for your patience and for sharing your feedback. Your satisfaction means a lot to us, and we're always here to help.",,2026-06-14T10:15:59.000Z,Trustpilot
Spinny,Excellent support received,I would like the appreciate the support provided by Monika Pundhir who guided and followed up with me throughout my car repair and reimbursement process. Her behavior and attitude was professional and she was knowledgable of the entire process.,,2026-06-13T14:37:23.000Z,Trustpilot
Spinny,Unprofessional behaviour,"Spinnys India, Bengalurub Initially the company Spinnys gave me an offer of Rs 2.94 Lakhs and asked me to accept immediately.  I accepted. Spinny confirmed and fixed place and date for delivery. After acceptance and appointment confirmation for Rs.2.94 lakhs , they unilaterally cancelled. Tried calling back no response. After 2 hours they reduced offer to Rs 2.64 lakhs and said take it or leave it. This professional attitude, After giving 1st offer and then withdrawing is not acceptable. The telecontact person was not helpful and the lady said, take the revised offer or leave it. Unprofessional",3,2026-06-13T14:06:43.000Z,Trustpilot
Spinny,I sold my car with Spinny and the…,"Hi Vishal, Glad to know the selling process, payment, documentation, and communication went smoothly for you. To help you with the pending ownership transfer, please share your registered contact details and car registration number via our Google form https://bit.ly/3kWbuVP so we can check this and assist you further. Thanks for your patience and trust in Spinny. Squad Spinny",,2026-06-13T09:04:42.000Z,Trustpilot
Spinny,I’m very happy with the services…,"Hi Abhishek, Thank you for sharing your experience with Spinny! We’re really glad to know you’re happy with our prompt service and the value you received for your car. Your satisfaction means a lot to us, and we truly appreciate your trust. #SquadSpinny",5,2026-06-12T20:30:08.000Z,Trustpilot
Spinny,Resolution after Escalation,"I was experiencing difficulties getting my issue resolved through the customer service team. However, once the matter was escalated to the Spinny social media team, they responded promptly and helped secure a quick resolution to my concern.",,2026-06-12T15:00:25.000Z,Trustpilot
Spinny,Thank you spinny  customer support team…,"Hi Abhishek, thank you for your kind words! We're glad we could help. We'll be sure to share your appreciation with Nishank and the team. #SquadSpinny",,2026-06-12T12:37:10.000Z,Trustpilot
Spinny,The Company dealt with the sale ofmy…,"Hi Krishna, thank you so much for the kind words, we're really glad the process felt seamless and hassle-free. We completely understand the wish for a little more value, please be assured the offer was the best possible valuation, arrived at purely on the basis of current market trends and your car's exact condition. We always aim to keep this as fair and transparent as possible, so the figure genuinely reflected its value at that time. Thank you again for choosing Spinny and for trusting us with your car, wishing you the very best! #SquadSpinny 🎉🚗",,2026-06-12T11:14:48.000Z,Trustpilot
Spinny,After 2 years of car buy fron spinny…,"Hi Abhishek, thank you for bringing this to our attention. We take a concern of this nature extremely seriously, as transparency is at the core of how we operate, every vehicle goes through a detailed inspection and verification before it's listed. We'd genuinely like to look into your specific case and address it properly. Please share your details with us by filling out this short form: https://bit.ly/3kWbuVP , so that we can personally connect with you and investigate this thoroughly. We're committed to getting to the bottom of it. Squad Spinny",,2026-06-12T10:06:56.000Z,Trustpilot
Spinny,No one contact after you purchase car…,"Hi Dhaval, we're sorry to hear this has been your experience. We understand how important post-purchase support and timely updates on documentation are. Please share your contact details and car registration number through the Google Form https://bit.ly/3kWbuVP, and we will review the matter and connect with you at the earliest to assist further. Squad Spinny",1,2026-06-12T06:17:13.000Z,Trustpilot
Spinny,Locked wifi as they will loose more money with free wifi,"How hard for to hv a open wifi network for customers. Is that too expensive for u or you think why the fu*k we should give all those service. If they want to buy buy eat and go. In this 2026 hard times you again should make lives harder so that people should more suffer. Burjman spinnis, Never going to recommend customer.",,2026-06-11T19:43:11.000Z,Trustpilot
Spinny,Good experience with spinny in selling…,"Hi Rama Murthy, thank you for choosing Spinny to sell your Wagon R. We're glad you had a smooth experience with the valuation, vehicle pickup, and payment process. #SquadSpinny",,2026-06-11T15:36:50.000Z,Trustpilot
Spinny,The response was prompt,"The response was prompt. A technician was deputed to check the vehicle, which went very well. The offer price was accepted by me. The promised amount was transferred (less 5K) immediately after vehicle handing over and agreement. The final payment was released within a couple of days after sale by Spinny.",5,2026-06-11T14:00:47.000Z,Trustpilot
Spinny,Excellent service,"Hi Anil, thank you for your feedback. We're glad you appreciated the convenience of the home evaluation and our transparent pricing process. #SquadSpinny",,2026-06-11T11:04:05.000Z,Trustpilot
Spinny,It was avery good experience with…,It was avery good experience with Spinny as I was trying to sell the car since few months.  But myself enrolled with Spinny with in two weeks able to sell the car. Thank you Spinny for helping me. All the staff members were also very helpful.  Hassel free paper work.,5,2026-06-11T09:17:17.000Z,Trustpilot
Spinny,All good 👍👍👍,"Hi Yash, thank you for your feedback! We're glad to know everything went well. #SquadSpinny",,2026-06-11T08:51:47.000Z,Trustpilot
Spinny,Absolutely smoothly done ...n wonderful…,Hi Sanjay! Thank you for your feedback! We're delighted to know you had a smooth and wonderful experience with us. Your support means a lot. #SquadSpinny,,2026-06-11T08:24:21.000Z,Trustpilot
Spinny,Very helpful and fair value of my…,"Hi Ravi, thank you for your feedback! We're glad you found the valuation fair and the entire process efficient. We appreciate your trust in us. #SquadSpinny",,2026-06-11T07:11:55.000Z,Trustpilot
Spinny,I sold to spinny - twice,"Hi Prakash, we appreciate you sharing this with us, and choosing Spinny again after four years, it truly means a lot to us. We're glad the process felt smooth and transparent from start to finish. On the same-day point, it's a fair question, and it isn't a tactic to rush you. The price we offer depends on several factors like supply and demand, fluctuating market rates, the vehicle's usage, and the validity of the inspection, and it's locked in from the moment you accept it. The same-day handover is tied to this purely in your interest, so that you don't lose the best price you agreed upon for the same day. Thank you again for your trust. Wishing you the very best! Squad Spinny 🚗🎉",,2026-06-11T06:15:26.000Z,Trustpilot
Spinny,It was a very good seamless and…,"Hi Bipin, thank you for sharing your experience! We're delighted to know that the entire car-selling journey, from valuation to ownership transfer, was seamless and professionally handled. It's great to hear that you were happy with the deal as well. Your recommendation means a lot to us and motivates us to keep delivering the best experience possible. #SquadSpinny",5,2026-06-11T05:40:46.000Z,Trustpilot
Spinny,Inspection was quick,"Hi Anita, thank you for taking time to share your feedback, we're glad the inspection was quick for you. We completely understand your concern about not knowing the current status of your vehicle's ownership, clear communication on this matters, and we're sorry that you had to face this. We'd like to look into this and get it resolved for you. To take it forward, please share your details with us by filling out this short form: https://bit.ly/3kWbuVP. Once we receive the information, we'll review the matter and work towards a resolution at the earliest, keeping you informed and staying connected until it's fully addressed. Thank you for your patience and understanding. Squad Spinny",4,2026-06-11T05:35:33.000Z,Trustpilot
Spinny,Very professional service backed by…,"Hi Swapan, thank you for your kind words and recommendation! We're glad to hear that our professionalism, transparent valuation, and timely service met your expectations. Your trust and support mean a lot to us, and we look forward to serving you again. #SquadSpinny",,2026-06-11T05:22:19.000Z,Trustpilot
Spinny,Great!,"Hi Yash, thank you for the kind words, we're glad the process was smooth and that you were happy with the price. Your point regarding the parking charges is completely valid, and we sincerely appreciate you raising it. We'd like to clarify that the parking facilities at our centres are managed externally and not operated by Spinny directly, which is why the charges are not within our control. Please be assured your feedback has been duly noted by us. Thank you for choosing Spinny, wishing you the very best! Squad Spinny",,2026-06-11T05:08:31.000Z,Trustpilot
Spinny,The deal went through smoothly and…,"Hi Gurprit, thank you so much for the kind words! We're really glad the deal went through smoothly and that's exactly the experience we hope to deliver. It was a pleasure having you with us, and we wish you many happy drives ahead! Squad Spinny🎉🚗",,2026-06-11T04:11:34.000Z,Trustpilot
Spinny,Beyond doubts,"Hi Asitava, we're delighted that the transparent process and smooth documentation made a positive impression. Your appreciation of our team's commitment means a lot to us. #SquadSpinny",,2026-06-11T02:53:00.000Z,Trustpilot
Spinny,The smooth and timely management of the…,"Hi, It's great to know that the entire selling journey—from price discussions to payment—was smooth and hassle-free for you. We appreciate your trust and are delighted that the experience met your expectations. #SquadSpinny",,2026-06-10T20:42:39.000Z,Trustpilot
Spinny,Service is good,"Hi Narasimha, we're glad you had a good experience with us. #SquadSpinny",,2026-06-10T20:29:10.000Z,Trustpilot
Spinny,zero star,"Hi Ankit, we regret the inconvenience you've faced regarding the hold amount, and we completely understand how frustrating it can be. We'd really like to put this right for you but to move further we'd request you to share your details with us by filling out this short form: https://bit.ly/3kWbuVP so that we can get it resolved for you at the earliest. We'll stay in touch and keep you updated every step of the way until it's fully sorted. We appreciate your patience. Squad Spinny",,2026-06-10T19:51:31.000Z,Trustpilot
Spinny,Excellent and smooth service by Spinny,Excellent on time evaluation done of the car. Clarity was given on the details of the offer.Pickup and payment was smooth. Periodic updates were given.,,2026-06-10T18:09:03.000Z,Trustpilot
Spinny,psyched  into sale,"Hi, we're truly sorry for the experience you've had regarding the service calls and challan notices still reaching you even after the sale was concluded. We completely understand your frustration, and please be assured this will be treated as a priority. To help us look into it and get everything sorted, we'd request you to share your details via this short form: https://bit.ly/3kWbuVP. We'll stay in touch and keep you updated until it's fully resolved. We appreciate your patience. Squad Spinny",,2026-06-10T17:58:22.000Z,Trustpilot
Spinny,My zen estilo sale without Alloys,"My zen estilo sale without Alloys wheels 4 nos, and Sony Music system Inspection ke time aapke staff ne pucha tha tub maine kaha tha bilkul rakhunga es liye humne amount ki dimand kum ki thi, car 24 ne bhi inspection kiya tha waha se 82500 mil rahe the Pickup time muje kaha ki aapko 4 alloys wheels and Music system after some time aapko bijwa dange kyo ki  wheels ke bina car hum lekar nahi ja sakte So pls return Alloys wheels 4 nos and Sony Music system otherwise Rs 20000 (Twenty thousand ) pay to me urgently",1,2026-06-10T17:39:24.000Z,Trustpilot
Spinny,Not very happy.,"Hi, thank you for bringing this to our attention. We're sorry that you've had to deal with this without the support you expected, this is genuinely not the kind of experience we want for you. We'd really like to put this right. we'd request you to share your details with us by filling out this short form: https://bit.ly/3kWbuVP so that our team can personally connect with you and see this through to resolution. We appreciate your patience. Squad Spinny",,2026-06-10T17:37:58.000Z,Trustpilot
Spinny,Very good staff and his behavior,"Hi Sohan, thank you so much for the kind words! We're delighted to hear we could support you throughout very smoothly. It truly means a lot to us. Wishing you many happy drives ahead! Squad Spinny🚗🎉",,2026-06-10T17:10:11.000Z,Trustpilot
Spinny,Very nice and greatful to Spinny Team,"Hi Jaggunaidu, we're delighted to know you had a great experience with us. Your kind words mean a lot to the entire team. #SquadSpinny",5,2026-06-10T17:07:23.000Z,Trustpilot
Spinny,I sold WagonR and it was a nice experience,"I got best offer in Sep-2025 for my Oct-2015 bought WagonR, so happily sold it. Very smooth and transparent process. I love Spinny and will surely consider it whenever I need to sell Car in future.",,2026-06-10T17:06:04.000Z,Trustpilot
Spinny,Got very low price for my kia seltos I…,"Hi Aakash, we regret that the valuation did not meet your expectations and we understand your concern. Our purchase offers are determined after carefully assessing several factors, including the vehicle's condition, service history, market demand, and prevailing market rates, to ensure a fair and competitive offer. Regarding the resale price, every car goes through a detailed inspection, refurbishment, and quality assurance process before being listed. The retail price reflects these enhancements, along with warranty coverage, after-sales support, and the overall assurance provided to the next owner. We appreciate your feedback and thank you for sharing your experience. Squad Spinny",,2026-06-10T17:05:55.000Z,Trustpilot
Spinny,Average experience,"Hi Sanjit, thank you for sharing your feedback. While we're glad to know the process was quick and our staff was helpful, we're sorry to hear that you felt the experience lacked transparency. Please note that our purchase offers are based on a thorough assessment of the vehicle's condition, service history, market demand, and prevailing market rates to ensure a fair evaluation. We appreciate your feedback and thank you for sharing your experience. Squad Spinny",3,2026-06-10T17:04:36.000Z,Trustpilot
Spinny,The service was excellent,"Hi Shiva, we're delighted to know you had an excellent experience with us. #SquadSpinny",,2026-06-10T17:03:54.000Z,Trustpilot
Spinny,Better pricing,"Hi Eswaran, thank you for this thoughtful feedback, we're so glad the pricing and the pre-informed timelines worked well for you! Your suggestions are genuinely valuable, and we've noted them, along with your other points, for us to review. Feedback like yours helps us keep improving, and we truly appreciate you sharing it. Thank you for choosing Spinny, wishing you the very best! Squad Spinny🚗🎉",,2026-06-10T16:57:03.000Z,Trustpilot
Spinny,Car valuation process is very smooth…,"Hi Venkat, we're glad the valuation process, vehicle handover, and payment experience were smooth for you. It's great to know the quick payout and attention to details made a difference. #SquadSpinny",,2026-06-10T16:50:55.000Z,Trustpilot
Spinny,Well coordinated,"Hi Surojit, it's wonderful to know that the entire journey, from inspection to ownership transfer, was smooth and well-coordinated. We're especially glad that our payment process earned your trust. #SquadSpinny",5,2026-06-10T16:48:31.000Z,Trustpilot
Spinny,Love at first sight,"Hi Subramanian, thank you so much for the kind words! We're glad to hear that everything went smoothly and that's exactly the experience we hope to deliver. It truly means a lot to us. Wishing you many happy drives ahead! Squad Spinny🚗🎉",4,2026-06-10T16:38:00.000Z,Trustpilot
Spinny,Stl car is not transfer fom my and i am…,"Hi Dharmesh, we're truly sorry for the inconvenience you've faced regarding the hold amount, and we completely understand your concern. Please be assured that this is being treated as a priority, we are actively working to get it resolved for you at the earliest. We'll stay in touch and keep you updated every step of the way until it's fully sorted. We appreciate your patience. Squad Spinny",,2026-06-10T16:32:23.000Z,Trustpilot
Spinny,Don't buy car from spinny,"Hi, thank you for bringing this to our attention. We take a concern of this nature extremely seriously, as transparency is at the core of how we operate, every vehicle goes through a detailed inspection and verification before it's listed. We'd genuinely like to look into the specific case and address it properly. Please share your details with us by filling out this short form: https://bit.ly/3kWbuVP , so that we can personally connect with you and investigate this thoroughly. We're committed to getting to the bottom of it. Squad Spinny",1,2026-06-10T16:16:59.000Z,Trustpilot
Spinny,Excellent service and gave reasonable…,"Hi Srinivas, we're thrilled to know that you were happy with the value offered for your vehicle and the service you received. Your appreciation means a lot to us. #SquadSpinny",,2026-06-10T16:16:00.000Z,Trustpilot
Spinny,Very professional way of valuation,"Hi Raviraj, thank you for the kind words on the valuation, deal closing and settlement, we're glad it felt professional and smooth! You're absolutely right about the FASTag, and we appreciate you flagging it. We do recommend that customers to remove their belongings and deactivate or transfer the FASTag before handover,  and we'll make sure this is communicated more clearly. Thank you for sharing this, it genuinely helps. #SquadSpinny 🚗",,2026-06-12T08:38:42.000Z,Trustpilot
Spinny,Very clear and responsive,"Hi Supriyo, we're glad you found our communication clear and responsive throughout the process. #SquadSpinny",5,2026-06-10T16:13:14.000Z,Trustpilot
Spinny,Not get deposit  two thousand  which i…,"Hi Ajeet, we regret the inconvenience you've faced regarding the hold amount, and we completely understand how frustrating it can be. We'd really like to put this right for you but to move further we'd request you to share your details with us by filling out this short form: https://bit.ly/3kWbuVP so that we can get it resolved for you at the earliest. We'll stay in touch and keep you updated every step of the way until it's fully sorted. We appreciate your patience. Squad Spinny",,2026-06-10T16:01:16.000Z,Trustpilot
Spinny,DURING SALE AGREEMENT THEY ALWAYS OK…,"Hi Mayank, we're sorry to hear that you feel this way. Transparency is extremely important to us, and we aim to clearly communicate all terms and commitments throughout the process. We take your feedback seriously and thank you for taking the time to share your experience. Squad Spinny",,2026-06-10T15:50:21.000Z,Trustpilot
Spinny,Spinny - a one stop shop to Sell your car Tension free.,"I am a senior citizen and I sold my Renault Kwid through Spinny. It was a fabulous experience . Right from the begginning ,assessment, negotiation, finalising the deal, sale process etc was so smooth. I could sell the vehicle on the second day and the sale amount was deposited in my account after deducting the peshi amount pending RC transfer, before they took delivery. I got a reasonable deal. No headache or folliow up required for Rc transfer. They ensured a smooth transition and released the peshi amount ( which I was skeptical initially) on the registration process being complete within two months. Any day i would love to deal with and recommend spinny without second thought.❤️ them.",,2026-06-10T15:43:15.000Z,Trustpilot
Spinny,Spinny  give me the Best value of my…,"Hi Naveen, we're thrilled to hear that you received the best value for your car with us. Thank you for choosing Spinny! #SquadSpinny",,2026-06-10T15:41:30.000Z,Trustpilot
Spinny,Unresolved Issues with Car Purchase and Sale on Spiny,"I am writing to share my concerns regarding the purchase and sale of my car through Spiny in Hyderabad. Purchase Experience: Battery issue at the time of delivery. Car silencer damaged by delivery driver. Spent nearly 3 months chasing repairs and investing additional money to make the car usable. Sale Experience: Cleared EMI dues as requested. ₹5,000 withheld for bank NOC and ₹5,000 for RC transfer (From February). On 9 May, faced challenges at the RTO office: Stood in queue for over 2 hours without proper guidance. Incomplete document check led to additional requirements (local address proof xerox). Incurred commute costs, which were promised to be reimbursed but delayed. On 10 May, ₹5,000 for RC transfer was released along with commute reimbursement. However, ₹5,000 for bank NOC is still pending. Concerns: Lack of proactive communication and support. Customers are left to manage unexpected challenges without guidance. Delays in releasing withheld amounts despite fulfilling requirements. I request immediate resolution of the pending ₹5,000 for the bank NOC and assurance that such issues will not recur for other customers. Coordinating with Prashanth @90594 87221",1,2026-06-10T15:40:04.000Z,Trustpilot
Spinny,Hassle free transaction,"Hi Sanjay, we're delighted to know you found the process hassle-free with clear documentation and complete transparency throughout. #SquadSpinny",5,2026-06-10T15:40:00.000Z,Trustpilot
Spinny,Very good service,"Hi Malaram, thank you for your feedback! We're glad you had a great experience with us. #SquadSpinny",,2026-06-10T15:38:44.000Z,Trustpilot
Spinny,Transparent service and handled well.,"Hi Padma, thank you for your feedback! We're glad you found our service transparent and well handled. #SquadSpinny",5,2026-06-10T15:37:13.000Z,Trustpilot
Spinny,I sold my Tata Nexon thru spinny,"Hi Saurabh, thank you so much for the kind words! We're glad to hear that your selling experience went smooth, that's exactly the experience we aim to deliver. It genuinely means a lot to us. Thank you for choosing Spinny, wishing you the very best ahead! #SquadSpinny🚗🎉",,2026-06-10T15:31:30.000Z,Trustpilot
Spinny,I like the professionalism of the team,"Hi Hemant, thank you for your feedback! We're glad you appreciated our professionalism, timely service, and commitment to delivering as promised. #SquadSpinny",,2026-06-10T15:27:09.000Z,Trustpilot
Spinny,Hassle-free car sale service,"Hi Karthik, thank you for your feedback! We're glad we could make your car-selling experience hassle-free. #SquadSpinny",,2026-06-10T15:25:52.000Z,Trustpilot
Spinny,Team Spinny makes it so user friendly.,Team Spinny makes it so user friendly.. It's a Great experience.. I recommend to all to go through Spinny if you want to sell your car.. Five Stars,,2026-06-10T15:25:32.000Z,Trustpilot
Spinny,Payment balance not received,"Hi Sachin, we regret the inconvenience you've faced regarding the hold amount. We'd really like the opportunity to make this right for you. To help us take this forward, we'd request you to share your details by filling out this short form: https://bit.ly/3kWbuVP. Once we receive the information, we will look into the matter and work towards resolving it at the earliest. We'll stay in touch and keep you updated throughout the process until it's fully sorted. Thank you for your patience and understanding. Squad Spinny",,2026-06-10T15:24:34.000Z,Trustpilot
Spinny,Excellent experience,Excellent experience. Spinny is miles ahead of the other Car reseller Apps. Totally hassle-free & professional attitude makes the service stand out. Great work.. 👍🏻,,2026-06-10T15:23:08.000Z,Trustpilot
Spinny,Alto sale through Spinny,"Hi, thank you for taking the time to share this, we're so glad your Alto sale was smooth and hassle-free, and that the offer, the quick refund of the withheld amount, and the overall experience all stood out for you. That genuinely means a lot to us. On your point about pickup, we'd love to share that we do offer doorstep vehicle pickup, where our team collects the car directly from you, so it doesn't always have to be dropped at our hub, but it is arranged on request on a paid basis,so we ask customers to drop the vehicle themselves to avoid extra charges. Thank you again for choosing Spinny and for the kind words, wishing you the very best! #SquadSpinny🚗🎉",4,2026-06-10T15:22:06.000Z,Trustpilot
Spinny,Payment still pending after 5 months,"Hi Sajith, we regret the inconvenience you've faced regarding the hold amount, and we completely understand how frustrating that can be. Please be assured that we are treating this as a priority and are actively working to get it resolved for you at the earliest. We'll stay in touch and keep you updated every step of the way until it's fully sorted. We appreciate your patience. Squad Spinny",3,2026-06-10T15:21:44.000Z,Trustpilot
Spinny,Buying and selling car on Spinny is…,"Hi Atul, thank you so much for the wonderful review, and for trusting us with both buying and selling! It truly means a lot. We're really glad we could guide you through each step and keep the entire process clear, with no hidden charges along the way, transparency and a smooth experience are exactly what we aim to deliver. Thank you for being a valued part of the Spinny family, we'd love to have you back again. Wishing you the very best! #SquadSpinny🎉🚗",,2026-06-10T15:19:55.000Z,Trustpilot
Spinny,Wonderful experience,"Wonderful experience. Very professional. Way they talk, they inspect the vehicle and the follow-ups make them a complete team...if anyone wishes to sell their call, they need not look outside Spinny...",,2026-06-10T15:19:39.000Z,Trustpilot
Spinny,Very systematic in every process,"Hi Sreenivas, we're delighted to know you had a great experience and appreciated our systematic approach. #SquadSpinny",,2026-06-10T15:17:47.000Z,Trustpilot
Spinny,Quick and easy to sell,"Hi Raim, we're glad we could make the selling process quick and hassle-free for you. #SquadSpinny",,2026-06-10T15:16:13.000Z,Trustpilot
Spinny,Very professional set up,"Hi Arup, thank you so much for the kind words! We're glad to hear that your experience went smooth, that's exactly the experience we hope to deliver. It genuinely means a lot to us. Thank you for choosing Spinny, wishing you the very best ahead! #SquadSpinny🚗🎉",,2026-06-10T15:14:38.000Z,Trustpilot
Spinny,I sold my car through them,"I sold my car through them, concerned person came for inspection in the morning. Got a call about quotation in 2 hours and vehicle was picked in the evening. Everything done very quickly and was updated regarding RC transfer later too. Highly recommend",,2026-06-10T15:14:26.000Z,Trustpilot
Spinny,Quick and Fast operations,"Hi Gopikiran, we're pleased to know that you enjoyed a quick and efficient selling experience while receiving great value for your car. #SquadSpinny",,2026-06-10T15:14:14.000Z,Trustpilot
Spinny,Great Experience,"Hi Hiral, it's wonderful to hear that your car-selling experience was seamless from start to finish. We're glad the process and payment were completed smoothly without any hiccups. #SquadSpinny",,2026-06-10T15:14:00.000Z,Trustpilot
Spinny,I used spinny to sell my 2016 maruti…,"I used spinny to sell my 2016 maruti suzuki Dzire. The entire process from vehicle inspection to price quotation and finally handing over the car after sale to spinny was really seamless. The entire process took about a week and the car was taken by spinny only after transferring the money to my account which took about 1-2 hrs. The price quoted was also reasonable, and they do have room for negotiating the price in case you are not happy. I would definitely recommend Spinny to others as I had a very hassle free experience.",,2026-06-10T15:13:22.000Z,Trustpilot
Spinny,Sold my car but I'm getting challan msg…,"Hi, we're truly sorry for the experience you've had regarding the challan notices still reaching you even after the sale was concluded. We completely understand this , and please be assured that we will treat this as a priority. To help us look into it and get everything sorted, we'd request you to share your details via this short form: https://bit.ly/3kWbuVP. We'll stay in touch and keep you updated until it's fully resolved. We appreciate your patience. Squad Spinny",,2026-06-10T15:08:31.000Z,Trustpilot
Spinny,Sold 2 used vehicles to Spinny,"Hi Husain, earning your trust not once but twice means a lot to us. We're delighted that you found our pricing fair, our process transparent, and both transactions smooth and hassle-free. #SquadSpinny",,2026-06-10T15:08:30.000Z,Trustpilot
Spinny,The sale was quick and smooth,"Hi Seema, we're glad to hear that the sale process was quick and smooth for you and that the offered price met your expectations. However, we're sorry to learn about the delay in receiving the NOC for your NCB and understand the inconvenience this may have caused. We'd like to look into this for you. Please share your details by filling out this short form: https://bit.ly/3kWbuVP . Once we receive the information, we will review the matter and work towards resolving it at the earliest. We'll keep you updated throughout the process. Thank you for bringing this to our attention. Squad Spinny",4,2026-06-10T15:07:41.000Z,Trustpilot
Spinny,Got very good price and hassle free…,"Hi Rajesh, we're glad you received a great value for your Kia Seltos and enjoyed a smooth, hassle-free, and speedy selling experience with us. #SquadSpinny",5,2026-06-10T15:07:14.000Z,Trustpilot
Spinny,The Spinny Company is good dealer,"Hi Sunil, we're pleased to know you received a great value for your car and enjoyed a smooth experience backed by our customer support team. #SquadSpinny",,2026-06-10T15:06:46.000Z,Trustpilot
Spinny,Complete documentation required to sell…,"Hi, thank you for pointing this out. We always aim to make the customer journey as seamless and smooth as possible, and we regret that your experience fell short of that, it's certainly not what we want any of our customers to go through. Please be assured your feedback has been duly noted. We truly appreciate you taking the time to share it. Squad Spinny",1,2026-06-10T15:06:13.000Z,Trustpilot
Spinny,Overall smooth and flawless process,"Hi Neelesh, it's great to know your experience was smooth and flawless from start to finish. #SquadSpinny",,2026-06-10T15:05:54.000Z,Trustpilot
Spinny,Process was very fast and smooth,"Hi Tasleem, thank you so much for the kind words! We're glad to hear that your selling experience was smooth and quick, that's exactly the experience we hope to deliver. It truly means a lot to us. Thank you for choosing Spinny, wishing you the very best ahead! #SquadSpinny🚗🎉",,2026-06-10T15:05:42.000Z,Trustpilot
Spinny,Best price,"Hi Sooraj, we're thrilled that Spinny stood out for offering the best value and a smooth selling experience. Your appreciation means a lot to us—thank you for your support! 🎊 #SquadSpinny",5,2026-06-10T15:04:37.000Z,Trustpilot
Spinny,At initial stage i was having doubts is…,At initial stage i was having doubts is it the right platform where I am selling my car. I asked for ID proof of the executive who visited me he very well co-operated and also shared and allowed to take pic with him. As per instructions and process i got immediate payment after inspection and before handling keys. Thanks for the trust and service you provided.,,2026-06-10T15:04:10.000Z,Trustpilot
Spinny,I wanted to sell my car,"Hi Radha, we're delighted that your car-selling journey was smooth and hassle-free. Knowing that you'd recommend Spinny for selling or exchanging cars truly means a lot to us. #SquadSpinny",5,2026-06-10T15:04:08.000Z,Trustpilot
Spinny,Smooth prompt doorstep service!,"Hi Chinoo, it's fantastic to hear that the entire process exceeded your expectations. We're glad the doorstep experience, paperwork, and payment process felt smooth and seamless for you. #SquadSpinny",5,2026-06-10T15:00:25.000Z,Trustpilot
Spinny,No response from customer care,"Hi Jagdish, we're sorry you had to face this, and we sincerely thank you for bringing it to our attention. A lack of response, and any concern around the offers, is certainly not the experience we aim to deliver. Please be assured your feedback has been noted. We truly appreciate you taking the time to share this with us. Squad Spinny",1,2026-06-10T15:00:09.000Z,Trustpilot
Spinny,My car was picked up in hurry at night,"Hi, we're sorry for the inconvenience you've faced regarding the hold amount. We'd really like the opportunity to make this right for you but to help us take this forward, we'd request you to share your details by filling out this short form: https://bit.ly/3kWbuVP . Once we receive the information, we will look into the matter and work towards resolving it at the earliest. We'll stay in touch and keep you updated throughout the process until it's fully sorted. Thank you for your patience and understanding. Squad Spinny",1,2026-06-10T14:59:24.000Z,Trustpilot
Spinny,soory can't remember the name,"Hi Sagar, we're happy to know that our team could provide quick support and make the entire process hassle-free for you. #SquadSpinny",,2026-06-10T14:58:55.000Z,Trustpilot
Spinny,It’s appears a scam… if you sell ur…,"Hi Mayur, we regret that the valuation did not meet your expectations and we understand your concern. Our purchase offers are determined after carefully assessing several factors, including the vehicle's condition, service history, market demand, and prevailing market rates, to ensure a fair and competitive offer. Regarding the resale price, every car goes through a detailed inspection, refurbishment, and quality assurance process before being listed. The retail price reflects these enhancements, along with warranty coverage, after-sales support, and the overall assurance provided to the next owner. We appreciate your feedback and thank you for sharing your experience. Squad Spinny",1,2026-06-10T14:58:49.000Z,Trustpilot
Spinny,I sold my car to Spinny for 4.4 lakhs…,"Hi Siva, we're sorry the valuation didn't meet your expectations, and we completely understand your disappointment. However, our purchase offers are based on a careful assessment of the car's overall condition, service history and prevailing market rates, and while low mileage is certainly a positive, the final figure reflects the complete picture at the time of inspection. As for the resale price, every car we procure goes through detailed inspection, refurbishment and quality assurance before being listed, and the retail price reflects these enhancements along with the warranty and after-sales support. We always aim to keep our valuations fair and transparent, and please be assured your feedback has been duly noted. Thank you for sharing your experience. Squad Spinny",1,2026-06-10T14:58:47.000Z,Trustpilot
Spinny,Selling process is smooth and…,"Hi Amol, we're sorry to hear about your experience regarding the hold amount and understand how concerning this situation can be. We'd like to look into this and help get it resolved for you. To take this forward, please share your details with us by filling out this short form: https://bit.ly/3kWbuVP. Once we receive the information, we will review the matter and work towards a resolution at the earliest. We'll keep you informed throughout the process and stay connected until the issue is fully addressed. Thank you for your patience and understanding. Squad Spinny",,2026-06-10T14:58:42.000Z,Trustpilot
Spinny,I had a great experience in selling my…,"Hi Vinay, we're delighted that you had a great car-selling experience with us and felt confident in your decision. #SquadSpinny",,2026-06-10T14:58:19.000Z,Trustpilot
Spinny,Was a good overall experience selling…,"Hi Reshmi, thank you so much for the kind words! We're glad to hear that your selling experience was seamless and that's exactly the experience we hope to deliver. It truly means a lot to us. Thank you for choosing Spinny, wishing you the very best ahead! #SquadSpinny🚗🎉",4,2026-06-10T14:58:09.000Z,Trustpilot
Spinny,It was good selling experience,"Hi Vinay, thank you so much for the kind review! We're really glad the selling experience was smooth for you. Making the process quick, transparent and hassle-free is exactly what we aim for, and it means a lot to hear we stood out for you. Thank you for choosing Spinny, wishing you the very best ahead! #SquadSpinny 🎉🚗",,2026-06-10T14:57:23.000Z,Trustpilot
Spinny,Trusted service,"Hi Vijay, your trust means everything to us. Thank you for choosing Spinny! #SquadSpinny",,2026-06-10T14:56:25.000Z,Trustpilot
Spinny,Great price,"Hi Shreyash, it's wonderful to hear that you appreciated our transparent inspection process, competitive pricing, and smooth vehicle handover experience. #SquadSpinny",,2026-06-10T14:54:34.000Z,Trustpilot
Spinny,Mene apni car spinny mai sale ki achi…,"Hi Rohit, we're happy to know that you received a good value for your car and enjoyed a quick, seamless selling experience with us. #SquadSpinny",,2026-06-10T14:54:06.000Z,Trustpilot
Spinny,It was an amazing experience with…,"Hi Jagdish, we're thrilled to hear that you had an amazing experience with us. Your satisfaction is what motivates us every day. #SquadSpinny",,2026-06-10T14:52:21.000Z,Trustpilot
Spinny,I sold my car to Spinny in December…,"Hi Haresh, we're sorry for the trouble you've experienced with the hold amount, and we completely understand your frustration. Rest assured, your case is being handled on priority, and our team is doing everything possible to resolve it for you as quickly as we can. We won't leave you waiting and keep you posted on the progress until it's completely resolved. We sincerely appreciate your patience. Squad Spinny",2,2026-06-10T14:50:27.000Z,Trustpilot
Spinny,Very less price offered and not given…,"Hi Ravi, we regret that the offer did not meet your expectations, and we understand your disappointment. To clarify, the price shared over the phone is an initial estimate based on the details provided, while the final offer is confirmed only after a physical inspection of the vehicle's actual condition, as such the two may occasionally differ. We always endeavour to keep this process fair and transparent, ensuring the final figure reflects the vehicle's value at the time of inspection. Please be assured that your feedback has been duly noted. Thank you for taking the time to share your experience. Squad Spinny",1,2026-06-10T14:45:54.000Z,Trustpilot
Spinny,Overall selling experience is good,"Hi Biswajit, thank you so much for the kind words, we're really glad the process felt seamless and hassle-free. We completely understand the wish for a little more value, please be assured the offer was the best possible valuation, arrived at purely on the basis of current market trends and your car's exact condition. We always aim to keep this as fair and transparent as possible, so the figure genuinely reflected its value at that time. Thank you again for choosing Spinny and for trusting us with your car, wishing you the very best! #SquadSpinny 🎉🚗",,2026-06-10T14:45:26.000Z,Trustpilot
Spinny,Transparent closure of deals and got by…,"Hi Ashis, thank you so much for the kind words! We're really glad the deal closed transparently,  keeping things clear and on time is exactly what we aim for. It was a pleasure having you with us, and we wish you the very best ahead! #SquadSpinny🚗🎉",,2026-06-10T14:44:58.000Z,Trustpilot
Spinny,Prompt service and seamless process…,"Prompt service and seamless digital process.. true to their promise, didn't face any hassle right from valuation to sign off.. excellent team work.. highly recommend to those considering selling their cars",5,2026-06-10T14:44:40.000Z,Trustpilot
Spinny,Not satisfied with Spinny,"Hi Rajaneesh, we regret that the valuation did not meet your expectations and we understand your concern. Our purchase offers are determined after carefully assessing several factors, including the vehicle's condition, service history, market demand, and prevailing market rates, to ensure a fair and competitive offer. Regarding the resale price, every car goes through a detailed inspection, refurbishment, and quality assurance process before being listed. The retail price reflects these enhancements, along with warranty coverage, after-sales support, and the overall assurance provided to the next owner. We appreciate your feedback and thank you for sharing your experience. Squad Spinny",,2026-06-10T14:44:22.000Z,Trustpilot
Spinny,Deal was handled professionally,"Deal was handled professionally. All people involved were very cooperative ,technically competitive and thorough professional.WellDeal was successfully completed without any hassle and without any trouble to me.I am very much satisfied and I would definitely recommend you to my friends.",,2026-06-10T14:41:53.000Z,Trustpilot
Spinny,Transparency,"Hi Ramesh, we're truly glad that our transparency, honesty, and professionalism made a strong impression on you. We appreciate your kind words and recommendation. #SquadSpinny",5,2026-06-10T14:41:35.000Z,Trustpilot
Spinny,On the very day I was supposed to hand…,"Hi, we're sorry to hear about your experience and understand your disappointment. We strive to ensure that every valuation is based on the most accurate information available during the evaluation process while maintaining transparency throughout. We regret any frustration this situation may have caused and appreciate you taking the time to share your feedback. Please be assured that your feedback has been duly noted. Squad Spinny",1,2026-06-10T14:41:04.000Z,Trustpilot
Spinny,smooth n transparent,"Hi Sreenish, we're glad you found the experience smooth and transparent. #SquadSpinny",,2026-06-10T14:40:32.000Z,Trustpilot
Spinny,It is my first experience,"Hi Saheb, thank you so much for your kind words, and for choosing Spinny! We're so glad that we made your experience just as we promised, this is exactly what we aim to deliver. Thank you for choosing Spinny and for trusting us with your car, wishing you the very best! #SquadSpinny 🎉🚗",,2026-06-10T14:40:14.000Z,Trustpilot
Spinny,All went very well right from car's…,"All went very well right from car's inspection at home till the paper work at Spinny centre at Habitat Centre, Indirapuram. Car Valuation was excellent and we were satisfied. Money was transferred immediately. At RTO too, the process was simple and the balance amount was transferred within 2 days. Excellent business!! - Vivek Verma",,2026-06-10T14:38:15.000Z,Trustpilot
Spinny,Great experience,"Hi Giri, we're delighted that our simple process, quick response, and competitive pricing made your experience a great one. #SquadSpinny",,2026-06-10T14:34:19.000Z,Trustpilot
Spinny,Good place to sell your car,"Hi Nikunj, we're glad every step of your journey—from inspection and pricing to coordination and payment—felt smooth and effortless. Thank you for placing your trust in us. #SquadSpinny",,2026-06-10T14:33:54.000Z,Trustpilot
Spinny,Awesome Spinny experience in terms of…,"Hi Sarang, we're thrilled that our team could make your car-selling experience so rewarding. Knowing you received great support and a competitive value for your car means a lot to us. #SquadSpinny",,2026-06-10T14:32:21.000Z,Trustpilot
Spinny,Best for selling used cars,"Hi Avirup, thank you so much for the wonderful review, and for choosing us again! That truly means a lot. We're so glad you found the price, process, and transparency just as we promise, this is exactly what we aim to deliver. Thank you for being part of the Spinny family, we'd love to have you back again. Wishing you the very best! #SquadSpinny🚗🎉",,2026-06-10T14:31:37.000Z,Trustpilot
Spinny,Selling of car was smooth process with…,"Hi Bhuwanesh, we're happy to know that the smooth process, easy paperwork, instant payment, and fair valuation made your car-selling experience a great one. #SquadSpinny",,2026-06-10T14:29:18.000Z,Trustpilot
Spinny,Tried other services too,"Hi Biju, standing out as your preferred choice means a lot to us. We're glad our transparency and fair pricing helped make your selling experience a confident one. #SquadSpinny",,2026-06-10T14:28:40.000Z,Trustpilot
Spinny,I never thought it is so easy to sell a car.,"Hi Sreeni, knowing that we made car selling feel easy and hassle-free for you is truly rewarding. Thank you for choosing Spinny and sharing your experience with us. #SquadSpinny",5,2026-06-10T14:27:06.000Z,Trustpilot
Spinny,I was sold my car by spiny it's very…,"Hi Dr Nainesh, we're thrilled to know you had a great experience selling your car with us. We're glad our quick payment process and smooth ownership transfer added to your peace of mind. #SquadSpinny",,2026-06-10T14:26:27.000Z,Trustpilot
Spinny,Excellent smooth experience,"Hi Siddharth, we're delighted that our team's professionalism made your selling experience smooth and memorable. Knowing that the instant payment stood out for you makes us even happier. #SquadSpinny",,2026-06-10T14:26:00.000Z,Trustpilot
Spinny,WARNING,"WARNING: DO NOT BUY FROM SPINNY! Absolute Fraud and Horrible Service ​I bought a second-hand Hyundai i20 from Spinny, and it has been an absolute nightmare. The car came with a long list of problems from day one. When I raised a complaint, their customer service completely fooled me. ​They promised to repair all the issues, so I trusted them and handed over my vehicle when they sent a driver to my home for pickup. That was my biggest mistake. ​Here is what Spinny actually did: ​Stole my fuel: They literally drained and stole 20 liters of petrol from my car while it was in their possession. ​Zero repairs done: My car sat parked carelessly in their workshop for 10 whole days without anyone lifting a finger. ​Complete waste of time: When I finally went to the workshop myself to retrieve my car, I found out they hadn't done a single bit of work on it. ​Spinny's promises of ""certified quality"" and ""hassle-free service"" are a complete scam. They take your money, deliver a faulty car, steal your fuel, and waste your time. Save your hard-earned money and avoid this fraudulent company at all costs!",,2026-06-07T10:19:05.000Z,Trustpilot
Spinny,Issue resolved satisfactorily,"Hi Abhishek, we are glad to have been able to help you. Thank you for the mention. #SquadSpinny",,2026-06-06T16:53:27.000Z,Trustpilot
Spinny,It was a great experience with spinny…,"Hi Nahida, we are glad to know this and thank you for giving us an opportunity to help you. #SquadSpinny",,2026-06-06T10:37:17.000Z,Trustpilot
Spinny,Issues handled professionally and on…,"Hi Swati, we are glad to have been able to help you. Thank you for the mention. #SquadSpinny",5,2026-06-06T10:18:46.000Z,Trustpilot
Spinny,Spinny took accountability of the issue…,"Hi Rohan, thank you for sharing your feedback and for your patience throughout the process. We’re glad to know the concern was resolved to your satisfaction and that our support and communication met your expectations. #SquadSpinny",,2026-06-06T09:26:46.000Z,Trustpilot
Spinny,Mera issue tha mera hold amount release…,"Hi, thank you for sharing your experience with us. We're glad to know the concern was resolved and that the matter was addressed to your satisfaction. Your feedback is truly appreciated. #SquadSpinny",,2026-06-05T09:12:44.000Z,Trustpilot
Spinny,Monica the spinny representative help…,"Hi Ravindranath, thanks for giving us the opportunity to help out. We will surely pass on your appreciation to Monika. We’re here if you ever need us again! #SquadSpinny",,2026-06-04T15:43:31.000Z,Trustpilot
Spinny,Thank you so much,"Hi Manish, thank you for your kind words. We're delighted to know that the delivery gift added to your experience and brought a smile to your face. Wishing you many happy miles ahead, and thank you for choosing Spinny. #SquadSpinny",,2026-06-04T15:24:08.000Z,Trustpilot
Spinny,I am very much happy with the Spinny…,I am very much happy with the Spinny customer care team and all HUB team to deal with me a positive way and resolve my issue.,,2026-06-04T11:47:39.000Z,Trustpilot
Spinny,Appreciation!,I really want to appreciate Team Spinny for their understanding and support for resolving my ongoing issue related to NOC. Wish them to maintain the same professionalism and ownership towards the customer(s).,,2026-06-04T11:08:18.000Z,Trustpilot
Spinny,one request you keep to sell or buy car…,"Hi Chintan, we are sorry for the inconvenience caused. Please share your contact number with us by filling out the given Google form: https://bit.ly/3kWbuVP so that we can enable DND, thereafter, you will no longer receive any such calls and messages. Squad Spinny",,2026-06-04T09:37:49.000Z,Trustpilot
Spinny,Resolution of an old issue,"Hi Amarnath, thank you for sharing your feedback. We're glad the concern was resolved and appreciate your support. #SquadSpinny",,2026-06-03T11:19:00.000Z,Trustpilot
Spinny,I purchased a Hyundai Grand i10 Sportz…,"I purchased a Hyundai Grand i10 Sportz (2016 Model, UP24 registration number) through Spinny. However, it has been more than 20 months and the vehicle ownership has still not been transferred to my name. As per my understanding, there is also a dispute between Spinny and the first owner regarding the vehicle transfer process, due to which I am facing continuous inconvenience and financial risk. Despite multiple follow-ups, I have not received a satisfactory resolution from the company. Due to the prolonged delay and lack of support, I have been compelled to serve a legal notice and initiate legal action against both Spinny and the first owner to protect my rights. Based on my experience, I would advise buyers and sellers to thoroughly verify all ownership and transfer-related documents before dealing with this company. I hope the matter is resolved at the earliest through the appropriate legal process.",,2026-06-02T07:54:11.000Z,Trustpilot
Spinny,Exceptional customer support,"Hi, thanks for giving us the opportunity to help out. We will surely pass on your appreciation to Nishanth. We’re here if you ever need us again! #SquadSpinny",5,2026-06-01T15:30:39.000Z,Trustpilot
